{
  "mediaPop" : 38017.17989228007,
  "medianaPop" : 11665.5,
  "modaPop" : 3824.0,
  "varianciaPop" : 4.96723672165285E10,
  "desvPop" : 222872.98449235273,
  "mediaPib" : 1366175.4053859964,
  "medianaPib" : 217651.5,
  "modaPib" : 55808.0,
  "varianciaPib" : 1.5251101557453122E14,
  "desvPib" : 1.2349535034750547E7
}